{
  "hash": "af278184",
  "configHash": "c3b1c090",
  "lockfileHash": "5beb6605",
  "browserHash": "2810f96d",
  "optimized": {
    "@angular/cdk/bidi": {
      "src": "../../../../../../node_modules/@angular/cdk/fesm2022/bidi.mjs",
      "file": "@angular_cdk_bidi.js",
      "fileHash": "b9f88417",
      "needsInterop": false
    },
    "@angular/cdk/scrolling": {
      "src": "../../../../../../node_modules/@angular/cdk/fesm2022/scrolling.mjs",
      "file": "@angular_cdk_scrolling.js",
      "fileHash": "bc8a5e4b",
      "needsInterop": false
    },
    "@angular/cdk/text-field": {
      "src": "../../../../../../node_modules/@angular/cdk/fesm2022/text-field.mjs",
      "file": "@angular_cdk_text-field.js",
      "fileHash": "79637d65",
      "needsInterop": false
    },
    "@angular/common": {
      "src": "../../../../../../node_modules/@angular/common/fesm2022/common.mjs",
      "file": "@angular_common.js",
      "fileHash": "a8ad8e1d",
      "needsInterop": false
    },
    "@angular/common/http": {
      "src": "../../../../../../node_modules/@angular/common/fesm2022/http.mjs",
      "file": "@angular_common_http.js",
      "fileHash": "ea88ca5c",
      "needsInterop": false
    },
    "@angular/core": {
      "src": "../../../../../../node_modules/@angular/core/fesm2022/core.mjs",
      "file": "@angular_core.js",
      "fileHash": "a77bb60b",
      "needsInterop": false
    },
    "@angular/forms": {
      "src": "../../../../../../node_modules/@angular/forms/fesm2022/forms.mjs",
      "file": "@angular_forms.js",
      "fileHash": "63f14acb",
      "needsInterop": false
    },
    "@angular/material/button": {
      "src": "../../../../../../node_modules/@angular/material/fesm2022/button.mjs",
      "file": "@angular_material_button.js",
      "fileHash": "bc5ff9d1",
      "needsInterop": false
    },
    "@angular/material/card": {
      "src": "../../../../../../node_modules/@angular/material/fesm2022/card.mjs",
      "file": "@angular_material_card.js",
      "fileHash": "23a042d5",
      "needsInterop": false
    },
    "@angular/material/form-field": {
      "src": "../../../../../../node_modules/@angular/material/fesm2022/form-field.mjs",
      "file": "@angular_material_form-field.js",
      "fileHash": "71827560",
      "needsInterop": false
    },
    "@angular/material/icon": {
      "src": "../../../../../../node_modules/@angular/material/fesm2022/icon.mjs",
      "file": "@angular_material_icon.js",
      "fileHash": "4dabc4a2",
      "needsInterop": false
    },
    "@angular/material/input": {
      "src": "../../../../../../node_modules/@angular/material/fesm2022/input.mjs",
      "file": "@angular_material_input.js",
      "fileHash": "459ab4bf",
      "needsInterop": false
    },
    "@angular/material/list": {
      "src": "../../../../../../node_modules/@angular/material/fesm2022/list.mjs",
      "file": "@angular_material_list.js",
      "fileHash": "5931ad3d",
      "needsInterop": false
    },
    "@angular/material/sidenav": {
      "src": "../../../../../../node_modules/@angular/material/fesm2022/sidenav.mjs",
      "file": "@angular_material_sidenav.js",
      "fileHash": "a5dbab42",
      "needsInterop": false
    },
    "@angular/material/toolbar": {
      "src": "../../../../../../node_modules/@angular/material/fesm2022/toolbar.mjs",
      "file": "@angular_material_toolbar.js",
      "fileHash": "08c88672",
      "needsInterop": false
    },
    "@angular/platform-browser": {
      "src": "../../../../../../node_modules/@angular/platform-browser/fesm2022/platform-browser.mjs",
      "file": "@angular_platform-browser.js",
      "fileHash": "b9297d3c",
      "needsInterop": false
    },
    "@angular/router": {
      "src": "../../../../../../node_modules/@angular/router/fesm2022/router.mjs",
      "file": "@angular_router.js",
      "fileHash": "68b5a5ce",
      "needsInterop": false
    },
    "@auth0/angular-jwt": {
      "src": "../../../../../../node_modules/@auth0/angular-jwt/fesm2020/auth0-angular-jwt.mjs",
      "file": "@auth0_angular-jwt.js",
      "fileHash": "6f026194",
      "needsInterop": false
    },
    "zone.js": {
      "src": "../../../../../../node_modules/zone.js/fesm2015/zone.js",
      "file": "zone__js.js",
      "fileHash": "39e69070",
      "needsInterop": true
    }
  },
  "chunks": {
    "chunk-QKF2ZDAV": {
      "file": "chunk-QKF2ZDAV.js"
    },
    "chunk-VK6XB4G5": {
      "file": "chunk-VK6XB4G5.js"
    },
    "chunk-NWTJFTN3": {
      "file": "chunk-NWTJFTN3.js"
    },
    "chunk-YDQRJG3C": {
      "file": "chunk-YDQRJG3C.js"
    },
    "chunk-ZWLTLVXI": {
      "file": "chunk-ZWLTLVXI.js"
    },
    "chunk-SXA5LFTV": {
      "file": "chunk-SXA5LFTV.js"
    },
    "chunk-5VAULHLM": {
      "file": "chunk-5VAULHLM.js"
    },
    "chunk-A4C5YN5B": {
      "file": "chunk-A4C5YN5B.js"
    },
    "chunk-X74S5PLI": {
      "file": "chunk-X74S5PLI.js"
    },
    "chunk-VIJB4FIS": {
      "file": "chunk-VIJB4FIS.js"
    },
    "chunk-5EG33CFQ": {
      "file": "chunk-5EG33CFQ.js"
    },
    "chunk-47Y72WP6": {
      "file": "chunk-47Y72WP6.js"
    },
    "chunk-4JYZX26B": {
      "file": "chunk-4JYZX26B.js"
    },
    "chunk-NBYFYTSJ": {
      "file": "chunk-NBYFYTSJ.js"
    },
    "chunk-WBSBO6PV": {
      "file": "chunk-WBSBO6PV.js"
    },
    "chunk-CXVPODTG": {
      "file": "chunk-CXVPODTG.js"
    },
    "chunk-AGCF4D2E": {
      "file": "chunk-AGCF4D2E.js"
    },
    "chunk-4ACPZFHG": {
      "file": "chunk-4ACPZFHG.js"
    },
    "chunk-WDMUDEB6": {
      "file": "chunk-WDMUDEB6.js"
    }
  }
}